index,document
1,TeenageDream
2,IWanttoHoldYourHand
3,BeautyandABeat
4,ImSoExcited
5,BusyEarnin
6,CantStop
7,NewRules
8,Umbrella
9,WakeMeUp
10,StayinAlive
11,Imagine
12,SweetDreamsAreMadeofThis
13,TheWayYouMakeMeFeel
14,SweetCaroline
15,LoseYourself
16,RollingintheDeep
17,Happy
18,DANCE
19,TheNightWeMet
20,IWillAlwaysLoveYou
21,Titanium
22,Summer
23,Thriller
24,EyeoftheTiger
25,Attention
26,TakeABow
27,ImStillStanding
28,TheGreatGigintheSky
29,SmellsLikeTeenSpirit
30,YouCantHurryLove
31,IWantItThatWay
32,Despacito
33,UptownFunk
34,PokerFace
35,MrBrightside
36,AllAboutThatBass
37,HipsDontLie
38,EasyLover
39,Firework
40,WhatsTheUse
41,IWantYouBack
42,StillDRE
43,TheShowMustGoOn
44,Heartbreaker
45,PinkWhite
46,ILoveRocknRoll
47,JusttheWayYouAre
48,Smooth
49,HighwaytoHell
50,BohemianRhapsody
51,BadGuy
52,HeartOfTheCityAintNoLove
53,JustanIllusion
54,WakeMeUpBeforeYouGoGo
55,StayWithMe
56,Creep
57,LivinonaPrayer
58,IWantYoutoWantMe
59,BadRomance
60,CantStoptheFeeling
61,ImaBeliever
62,BorntoBeWild
63,UptownGirl
64,BlindingLights
