word,frequency,documents
teenage,2,1 39
dream,5,1 9 38 39 44
katy,2,1 39
perry,2,1 39
2010,4,1 16 39 47
pop,22,1 3 4 7 13 14 23 25 26 27 30 31 33 34 36 39 41 54 59 60 61 64
you,57,1 2 3 4 5 6 7 8 10 11 12 13 14 15 16 17 18 19 20 21 22 23 24 25 26 27 30 31 33 34 36 37 38 39 40 41 42 44 45 46 47 48 49 50 51 52 53 54 55 56 57 58 59 60 61 63 64
think,11,1 2 4 5 16 20 27 36 47 50 51
im,44,1 3 4 6 7 9 10 11 13 15 16 17 19 20 21 23 24 25 27 29 33 34 35 36 37 38 40 42 43 45 49 50 51 52 54 55 56 58 59 60 61 62 63 64
pretty,6,1 13 33 36 41 51
without,9,1 17 23 27 34 40 41 47 58
any,7,1 6 9 23 28 50 53
makeup,2,1 43
on,39,1 3 6 10 12 13 15 16 17 23 24 25 27 29 30 33 34 35 37 38 39 40 41 42 43 44 45 46 49 50 51 52 53 54 57 58 60 62 64
funny,2,1 40
when,32,1 2 3 6 8 9 10 14 15 19 22 25 26 30 31 34 37 39 40 41 42 45 47 51 52 54 56 57 60 61 63 64
i,57,1 2 3 4 5 6 7 8 9 10 11 12 13 14 15 16 17 19 20 21 22 23 25 26 27 28 29 30 31 33 34 35 36 37 40 41 42 43 45 46 47 48 50 51 52 53 54 55 56 57 58 59 60 61 62 63 64
tell,18,1 2 6 7 9 10 13 17 19 31 33 34 36 40 41 46 47 48
the,60,1 2 3 4 6 7 8 9 10 11 12 13 14 15 16 17 18 19 20 21 22 23 24 25 26 27 28 29 30 31 33 34 35 36 37 38 39 40 41 42 43 44 45 46 47 48 49 50 51 52 53 54 55 56 57 59 60 61 62 64
punch,1,1
line,2,1 43
wrong,2,1 41
know,38,1 3 4 6 7 8 9 10 14 17 19 20 23 25 26 27 29 31 33 36 37 38 39 40 41 42 43 44 47 51 52 55 58 59 60 62 63 64
get,26,1 3 4 5 6 9 10 12 15 18 21 23 26 33 34 38 40 42 48 50 51 52 53 58 61 62
me,50,1 2 4 6 7 8 9 10 13 14 15 16 17 18 19 20 21 23 25 26 27 29 30 31 32 33 34 35 36 37 40 41 42 44 45 46 47 48 49 50 51 52 53 54 55 56 58 59 61 64
so,37,1 3 4 5 6 7 8 9 13 14 15 20 22 23 24 26 33 36 37 38 39 40 42 45 46 47 48 50 51 54 55 56 57 60 62 63 64
let,21,1 2 4 7 8 15 17 23 30 34 35 37 39 40 41 45 47 50 51 53 64
my,50,1 2 3 6 7 8 9 10 13 14 15 16 17 20 21 22 24 25 26 27 29 30 31 33 34 35 36 37 40 42 43 44 45 46 48 49 50 51 52 53 54 55 57 58 59 60 61 62 63 64
walls,1,1
come,18,1 5 6 8 13 14 15 17 30 33 37 39 40 45 46 50 54 60
down,23,1 7 8 15 16 17 21 23 26 27 31 33 35 38 40 45 49 50 52 53 55 57 60
before,10,1 13 23 30 33 34 38 52 54 56
met,4,1 16 19 22
was,18,1 9 10 14 15 19 26 27 28 35 41 42 45 46 54 56 61 62
alright,2,1 54
but,41,1 3 5 6 7 8 9 11 13 14 15 16 20 21 22 23 25 26 27 30 31 35 36 37 38 39 40 41 42 43 47 48 50 51 52 54 55 56 60 61 63
things,7,1 3 4 8 13 16 60
were,16,1 3 4 10 18 19 25 27 44 45 46 49 56 57 60 62
kinda,1,1
heavy,3,1 15 62
brought,1,1
to,58,1 2 3 4 6 7 8 9 10 11 12 13 14 15 16 17 18 19 21 22 23 24 25 26 27 29 30 31 33 34 35 36 37 38 39 40 41 42 43 44 45 47 48 49 50 51 52 53 54 55 56 57 58 60 61 62 63 64
life,16,1 3 5 6 9 10 11 15 20 23 27 30 42 45 48 50
now,36,1 2 3 7 8 10 13 14 15 16 17 19 22 23 24 25 27 29 30 31 35 36 37 38 39 41 43 44 49 50 51 52 57 61 62 63
every,15,1 3 6 16 20 23 25 36 37 41 42 45 47 48 52
february,1,1
youll,12,1 2 7 8 11 13 17 23 27 38 39 52
be,38,1 2 6 7 8 11 12 13 15 16 17 20 22 23 24 25 27 28 31 34 35 36 37 38 39 40 42 43 44 46 48 49 51 52 53 54 59 62
valentine,1,1
lets,7,1 3 4 37 48 52 54
go,26,1 3 4 6 15 16 17 20 26 28 30 32 35 36 37 39 40 41 43 49 50 51 52 54 55 64
all,44,1 3 4 5 6 8 9 10 11 15 16 17 18 19 20 21 23 25 26 27 35 36 37 39 40 41 42 43 45 46 47 49 50 51 52 53 55 57 58 59 60 61 62 63
way,26,1 5 6 7 9 10 13 17 18 20 26 27 31 37 38 40 45 47 49 50 53 54 57 60 61 62
tonight,7,1 3 4 23 25 37 54
no,39,1 4 5 6 7 8 10 11 14 15 16 17 23 25 26 28 29 30 31 32 34 36 37 38 39 40 42 44 45 48 49 50 51 52 55 59 60 61 64
regrets,1,1
just,39,1 3 4 5 6 10 13 15 16 17 18 23 24 25 26 27 29 30 33 34 35 36 37 38 39 40 41 45 47 48 50 51 52 53 55 56 60 63 64
love,36,1 2 3 4 6 7 8 9 13 15 16 20 21 22 25 26 27 30 34 36 40 41 42 44 45 46 50 52 55 57 58 59 61 62 63 64
we,28,1 3 4 8 10 14 15 16 17 19 20 22 24 29 31 33 34 36 37 40 42 43 46 50 51 57 60 62
can,26,1 3 6 8 10 11 14 15 16 17 19 23 30 31 36 37 40 43 46 48 50 52 54 60 63 64
dance,7,1 18 33 37 46 54 60
until,4,1 29 37 64
die,7,1 6 11 43 45 50 62
and,55,1 2 3 4 5 6 7 8 9 10 11 12 13 14 15 16 17 18 19 20 21 22 23 24 25 26 27 29 30 33 34 35 36 37 38 39 40 41 42 43 44 45 46 47 48 50 52 53 55 57 59 60 62 63 64
will,22,1 3 4 8 9 11 16 20 23 24 28 29 30 34 37 38 39 43 50 54 55 64
young,5,1 3 9 42 52
forever,3,1 8 9
make,25,1 3 4 6 13 15 16 18 23 26 33 36 37 38 39 40 45 47 48 50 51 52 54 57 62
feel,22,1 2 3 4 6 7 10 13 17 23 26 29 30 37 38 39 42 45 48 58 60 64
like,31,1 3 4 6 7 13 15 17 27 29 34 35 36 37 38 39 40 42 43 44 45 47 48 49 51 52 54 56 58 62 64
livin,3,1 33 57
a,55,1 2 3 4 5 6 9 10 11 13 15 16 17 18 19 21 23 24 26 27 29 30 31 32 33 34 35 36 37 38 39 40 41 42 43 44 45 47 48 49 50 51 52 53 54 55 56 57 58 59 60 61 62 63 64
turn,8,1 7 13 16 42 53 60 64
cant,24,1 2 4 5 6 8 9 10 14 15 16 17 21 30 31 34 35 37 42 50 51 60 63 64
sleep,4,1 7 42 64
run,8,1 8 15 21 23 37 42 56
away,5,1 21 27 50 57
dont,39,1 4 6 7 8 9 14 15 16 17 19 20 24 25 26 27 28 30 31 33 36 37 38 39 40 44 45 46 47 49 50 51 52 54 55 56 59 60 64
ever,9,1 6 8 13 15 23 27 38 39
look,18,1 4 10 14 15 16 27 35 40 41 47 49 50 52 53 55 56 64
back,18,1 6 7 8 15 16 17 19 24 27 36 37 41 42 45 50 52 53
heart,20,1 7 8 9 16 21 23 25 26 30 31 34 38 39 41 43 48 52 53 54
stops,3,1 23 47
at,18,1 7 8 14 21 23 25 27 29 30 36 42 49 50 51 52 55 62
one,18,1 6 7 11 13 15 16 25 26 31 33 34 38 39 41 48 51 64
touch,4,1 2 59 64
baby,22,1 3 4 7 8 13 15 16 17 22 25 32 34 37 39 41 46 50 54 57 59 64
believe,8,1 3 14 15 31 33 38 47
this,29,1 4 6 9 12 15 17 20 23 26 27 29 33 34 35 36 37 40 41 42 45 48 50 51 52 53 55 60 64
is,29,1 3 5 6 8 9 15 17 18 20 23 25 26 30 34 35 36 37 38 40 41 42 43 44 45 50 52 53 61
real,7,1 4 36 37 42 48 50
take,23,1 3 8 17 19 21 24 26 30 33 34 38 40 41 42 43 45 46 51 52 54 57 60
chance,7,1 9 15 23 39 41 43
drove,2,1 52
cali,2,1 42
got,26,1 2 3 4 7 10 15 17 24 25 27 30 33 34 36 37 42 46 48 50 52 57 60 61 62 63
drunk,2,1 7
beach,1,1
motel,1,1
built,1,1
fort,1,1
out,30,1 3 5 6 7 8 14 15 16 21 23 24 29 33 34 35 38 40 41 42 44 45 48 50 52 54 56 61 62 64
of,44,1 3 6 7 8 9 10 11 12 13 15 16 19 20 23 24 25 27 28 30 31 33 35 36 37 38 39 40 41 42 43 44 45 48 50 51 52 53 57 59 61 62 63 64
sheets,1,1
finally,3,1 7 16
found,3,1 23 29
missing,1,1
puzzle,1,1
piece,2,1 16
complete,3,1 3 6
ima,4,1 3 8 15
your,45,1 2 3 5 6 8 12 13 15 16 17 19 20 21 23 24 26 27 29 31 33 34 35 36 37 38 39 40 41 42 44 46 47 48 49 50 51 52 53 54 56 59 60 62 64
racing,1,1
in,49,1 3 4 6 7 8 9 11 13 14 15 16 20 22 23 24 25 26 27 28 33 34 35 36 37 39 40 41 42 43 44 45 46 48 49 50 52 53 54 55 56 57 58 59 60 61 62 63 64
skintight,1,1
jeans,1,1
put,8,1 4 33 42 46 50 54 58
hands,6,1 6 9 14 16 62
oh,35,1 2 3 4 10 13 14 15 19 23 24 25 26 29 31 32 33 34 37 38 41 42 45 47 48 49 50 54 55 56 57 58 60 63 64
want,21,2 3 4 6 12 15 25 31 35 37 40 41 42 43 50 51 52 55 56 58 59
hold,15,2 12 13 15 17 23 30 34 36 38 40 43 45 55 57
hand,8,2 8 16 23 34 55 57 59
beatles,1,2
1963,1,2
rock/pop,2,2 11
please,6,2 4 20 34 41 51
yeah,35,2 3 4 7 8 10 17 22 23 25 27 29 30 31 32 36 37 38 40 41 42 43 45 46 47 48 49 50 52 53 54 60 61 62 64
ill,18,2 4 6 8 10 13 16 20 23 34 42 43 47 48 51 52 58 63
somethin,3,2 52 60
understand,5,2 9 10 40 63
say,21,2 9 11 17 21 26 31 33 37 38 40 42 45 47 48 51 52 53 58 63 64
that,40,2 5 6 8 9 13 15 16 17 20 23 25 26 27 30 31 33 34 36 37 38 39 40 41 42 44 45 46 47 48 51 52 53 54 57 58 59 60 62 63
man,13,2 8 10 11 15 24 33 37 48 50 55 57 63
happy,4,2 6 17 56
inside,9,2 15 16 23 31 39 40 43 60
its,40,2 3 5 6 8 9 10 11 14 15 16 21 23 24 26 27 29 30 31 33 34 35 36 37 38 39 41 42 44 45 46 47 48 51 53 54 55 57 59 60
such,2,2 18
feelin,5,2 13 52 58 60
hide,5,2 4 26 27 60
sometimes,2,2 50
beauty,2,3 36
beat,7,3 15 16 18 21 42 46
justin,2,3 60
bieber,1,3
ft,6,3 8 21 37 42 48
nicki,1,3
minaj,1,3
2012,1,3
money,5,3 33 40 42 52
grr,1,3
show,10,3 4 26 33 34 39 40 41 43 64
off,9,3 13 14 15 35 40 42 45 60
wanna,13,3 13 15 17 31 33 34 37 52 54 56 59 60
ay,2,3 32
what,28,3 4 6 15 16 17 19 20 25 26 27 29 33 34 37 39 40 41 43 45 47 51 52 53 54 56 57 63
youve,7,3 16 20 25 26 28 57
billion,1,3
couldve,2,3 16
never,27,3 5 7 8 13 14 15 16 25 27 28 29 31 35 37 38 40 43 47 50 52 53 54 55 62 63 64
bought,1,3
gonna,12,3 4 6 7 8 16 23 24 39 49 62 63
party,3,3 25 49
3012,1,3
finer,1,3
forget,5,3 29 38 41 48
about,11,3 4 6 17 23 33 36 40 42 46 48
world,15,3 6 8 9 11 12 15 26 37 42 47 48 56 62 63
coming,5,3 8 25 27 35
for,40,3 4 5 6 8 9 11 12 13 15 16 18 19 23 24 26 27 28 29 30 33 37 39 40 41 42 43 45 46 47 48 50 51 52 53 57 61 62 63 64
ya,7,3 13 32 36 41 42 52
cause,28,3 7 8 13 15 23 25 30 31 33 34 35 36 37 38 39 41 42 46 47 48 51 52 54 55 59 60 64
need,16,3 6 8 11 20 27 30 40 41 49 50 52 55 58 59 60
who,8,3 12 15 19 21 26 33 40
bout,4,3 25 33 36
music,5,3 6 10 15 18
makes,6,3 7 29 54 56 63
move,11,3 4 15 18 36 37 45 52 54 59 60
do,26,3 4 6 7 11 15 16 17 18 19 26 28 29 34 36 37 39 41 47 49 50 51 52 54 60 64
it,49,3 4 5 6 7 8 11 13 14 15 16 17 18 21 23 24 26 28 29 30 31 33 34 35 36 37 38 39 40 41 42 43 45 46 48 49 50 51 52 53 54 55 56 57 59 60 61 62 64
body,5,3 23 37 56 60
rock,16,3 6 24 28 35 42 43 44 46 49 50 56 57 58 60 62
girl,10,3 8 13 23 37 38 41 42 47 63
bow,2,3 26
youre,27,3 5 6 7 8 10 13 16 18 23 25 26 34 36 38 39 40 42 44 47 48 51 54 55 56 59 64
hottest,1,3
ticket,2,3 49
uh,6,3 33 36 42 52 60
time,26,3 4 5 6 9 10 13 17 23 24 27 28 30 39 40 42 45 46 47 49 50 52 53 57 63 64
ink,1,3
lines,3,3 26 45
bitches,2,3 36
couldnt,3,3 56 61
incline,1,3
tours,1,3
mine,10,3 13 15 16 25 30 42 53 59 63
ten,2,3 6
little,9,3 8 27 29 34 36 40 50 52
letters,1,3
big,4,3 6 52 54
sign,2,3 33
hit,8,3 33 34 40 42 52 54 64
em,8,3 7 26 34 36 39 40 52
with,30,3 6 8 13 14 15 16 17 19 20 23 24 25 26 29 33 34 35 37 40 42 43 44 46 51 52 54 55 63 64
ether,1,3
buns,1,3
wiener,1,3
gotta,10,3 7 28 33 35 39 40 50 52 57
keep,12,3 7 12 13 16 24 30 37 40 42 45 60
an,8,3 8 26 29 38 53 56 63
eye,4,3 24 50 56
selena,1,3
beast,2,3 23
from,19,3 6 7 13 15 23 25 27 31 36 37 39 41 42 45 48 50 58 63
east,2,3 6
beautiful,3,3 47 56
confessions,1,3
priest,1,3
streets,2,3 42
deceased,1,3
eats,1,3
needed,2,3 61
excited,1,4
pointer,1,4
sisters,1,4
1982,4,4 23 24 53
tonights,1,4
night,19,4 7 10 14 18 19 23 24 26 30 33 36 39 41 50 53 54 57 64
happen,2,4 62
well,17,4 8 9 10 13 17 26 27 29 33 40 42 46 48 54 57 60
other,6,4 6 8 10 38 57
aside,2,4 50
give,10,4 13 15 17 30 33 40 41 48 57
some,10,4 6 12 13 19 30 33 42 52 55
affection,1,4
goin,3,4 10 46
those,3,4 41 60
pleasures,1,4
wrap,1,4
myself,6,4 7 9 19 33 41
around,12,4 10 13 26 38 41 44 49 51 53 56 64
squeeze,1,4
enough,5,4 5 48 51 64
if,28,4 6 7 8 9 10 11 15 17 20 23 27 33 34 36 39 40 42 45 47 48 50 51 52 56 57 58 61
slow,5,4 37 45 48 49
lose,7,4 6 10 15 21 24 29
control,8,4 35 38 44 45 51 56 60
shouldnt,3,4 52 60
even,9,4 6 15 39 41 42 47 51 64
tomorrow,3,4 50 54
sweet,5,4 6 12 14 45
memories,2,4 20
last,4,4 24 42 54
long,11,4 5 22 30 40 41 46 57 59 63 64
have,18,4 7 8 9 14 15 16 20 21 30 37 39 40 43 52 53 56 64
good,8,4 8 14 33 48 51 55 60
worry,2,4 36
still,11,4 7 8 24 27 39 40 42 43 45 55
playin,2,4 46
boy,4,4 6 37 50
thats,16,4 5 8 9 10 15 17 18 34 36 37 45 52 57 61 63
fine,6,4 9 17 35 52 63
yes,6,4 31 40 41 49 61
honey,2,4 56
burning,2,4 44
up,30,4 7 9 12 13 14 15 21 23 24 25 27 29 33 35 36 37 40 42 45 46 48 50 52 53 54 58 60 63 64
how,14,4 6 14 15 16 18 26 29 30 35 40 42 45 64
did,5,4 27 35 52 54
ive,14,4 10 13 14 15 16 19 26 35 40 42 50 63 64
ooh,13,4 8 13 23 36 38 40 41 43 53 57 60 64
busy,1,5
earnin,1,5
jungle,2,5 6
2014,5,5 22 33 36 55
funk,3,5 23 33
huh,3,5 41 42
woohoo,1,5
late,4,5 31 41 50
had,9,5 15 16 19 24 40 41 50 63
plans,2,5 9
normal,3,5 15 32
crime,2,5 43
too,17,5 7 9 11 15 17 24 27 31 33 37 40 41 42 49 50 64
used,4,5 12 31 57
always,10,5 8 18 20 24 26 29 39 41 51
bet,2,5 63
wont,12,5 15 16 21 34 36 38 41 45 47 51 55
change,7,5 15 23 38 40 47 48
damn,5,5 33 40 42 52
borin,1,5
stop,7,6 24 33 36 49 50 60
red,2,6 51
hot,9,6 17 33 34 35 42 48 60 63
chili,1,6
peppers,1,6
2002,2,6 15
by,12,6 7 9 10 12 13 15 17 19 27 46 64
addicted,1,6
shindig,1,6
chop,1,6
top,5,6 24 36 42 43
he,9,6 7 15 34 35 42 46 52 57
says,3,6 36 57
win,3,6 27 63
choose,1,6
not,22,6 9 11 15 19 20 21 24 25 28 34 38 42 47 50 52 54 55 56 57 61 63
imitation,1,6
distant,1,6
cousin,2,6 52
reservation,1,6
defunkt,1,6
pistol,1,6
pay,7,6 16 34 35 42 52 57
punk,1,6
feeling,5,6 9 16 27 60
stay,13,6 9 15 20 23 26 34 42 45 47 48 54 55
best,4,6 15 29 54
friend,5,6 7 8 54 58
side,5,6 13 23 28 45
living,6,6 11 42 43 49 63
west,1,6
end,8,6 8 9 15 23 29 35 52
knocked,1,6
better,7,6 8 15 27 38 44 48
truth,4,6 17 42 50
write,2,6 59
message,1,6
pavement,1,6
burn,3,6 16 52
bright,2,6 54
wonder,3,6 11 23
wave,2,6 44
meant,3,6 27 61
white,5,6 18 33 45 51
heat,5,6 24 42 52 53
screaming,2,6 15
motion,2,6 22
stumble,1,6
ask,2,6 47
dust,1,6
answers,1,6
strong,4,6 14 18 46
50,2,6 42
belly,1,6
dancers,1,6
tears,3,6 16 19
drop,2,6 15
part,3,6 8 26
trains,1,6
hop,1,6
sweetheart,1,6
bleeding,1,6
snow,1,6
cone,1,6
smart,1,6
shes,11,6 17 29 34 35 37 38 47 51 56 63
leading,1,6
ozone,1,6
great,2,6 28
communicator,1,6
use,6,6 10 12 27 40 61
two,8,6 7 9 14 15 31 36 52
sticks,3,6 21 42
nature,1,6
into,8,6 8 15 16 35 36 54 62
penetration,1,6
gender,1,6
generation,1,6
birth,1,6
nation,1,6
worth,2,6 39
weight,3,6 9 52
gold,3,6 16 33
meditation,1,6
chapters,1,6
going,6,6 25 35 49 54 64
close,8,6 9 15 23 40 42 45 60
smoke,3,6 35 42
rings,1,6
blow,3,6 15 39
spaceship,1,6
persevering,1,6
everything,6,6 15 49 54 59 60
steering,1,6
spirits,1,6
they,11,6 9 14 15 16 23 24 34 40 42 54
mop,1,6
tops,1,6
are,17,6 12 13 15 16 22 23 25 26 29 31 39 40 43 47 49 53
feed,2,6 15
j,1,6
butterfly,1,6
treetop,1,6
birds,1,6
meaning,1,6
bebop,1,6
wait,3,6 30 33
minute,4,6 33 40 54
passing,1,6
or,11,6 8 10 11 15 34 48 51 57 61 62
far,2,6 40
more,14,6 8 15 23 26 30 36 37 40 41 42 49 52 61
shocking,1,6
than,8,6 8 23 27 33 39 40 54
anything,2,6 15
knew,6,6 25 37 39 46 52
reasons,1,6
why,12,6 17 26 28 29 31 37 39 40 52 55 63
somebody,3,6 10 52
new,6,6 7 10 15 25 58
right,14,6 10 15 18 23 25 30 36 37 41 42 44 50 54
cue,1,6
kickstart,1,6
golden,1,6
generator,1,6
talk,6,6 10 13 30 37 57
intimidate,1,6
her,9,6 34 35 38 40 47 57 61 63
gods,1,6
engineering,1,6
interfering,1,6
image,1,6
dictionary,1,6
ordinary,1,6
maybe,7,6 8 25 39 51 63 64
three,4,6 7 8 52
these,5,6 8 15 30 55
space,5,6 17 39 40 62
teach,1,6
pleiades,1,6
readthrough,1,6
rules,1,7
dua,1,7
lipa,1,7
2017,3,7 25 32
talkin,2,7 52
makin,1,7
crazy,5,7 17 37 54 59
mind,11,7 15 27 28 29 30 40 52 53 61 63
wrote,3,7 15 42
read,2,7 34
hopin,1,7
would,8,7 14 15 20 23 40 47 48
save,3,7 23 40
many,3,7 24 30
times,5,7 10 14 15 24
nobody,6,7 34 37 40 50 60
else,3,7 48 61
doesnt,5,7 18 50 55 57
pick,2,7 13
phone,2,7 64
hes,7,7 15 34 35 42 50 57
only,15,7 9 11 14 15 19 20 30 35 38 39 51 52 53 61
callin,3,7 23 48
alone,5,7 30 46 51 58
him,5,7 15 34 46 50
kick,1,7
again,9,7 15 19 27 30 39 41 42 50
his,12,7 15 17 19 24 34 35 41 46 50 52 57
wake,7,7 9 40 42 45 52 54
bed,3,7 35 54
mornin,1,7
under,8,7 8 18 23 39 48 60 62
aint,15,7 13 23 30 31 36 37 40 42 48 49 52 54 55 60
gettin,3,7 52 60
over,6,7 9 15 25 26 44
count,2,7 16
them,10,7 12 24 26 33 36 39 40 42 47
pushin,1,7
forwards,1,7
keeps,3,7 15 30
pullin,1,7
backwards,1,7
nowhere,4,7 10 23 60
standin,1,7
see,19,7 8 10 16 23 31 36 37 38 41 42 47 50 51 55 58 60 63 64
pattern,1,7
learn,1,7
practice,1,7
perfect,5,7 36 39 42 56
tryna,2,7 64
eat,2,7 52
breathe,1,7
rehearse,1,7
repeat,1,7
whoaooh,1,7
whoa,3,7 16 57
umbrella,1,8
rihanna,1,8
jayz,2,8 52
2007,1,8
r&b,3,8 20 45
uhhuh,2,8 41
gone,6,8 13 30 50 53 64
bad,6,8 13 17 42 51 59
action,1,8
hov,2,8 52
clouds,1,8
stones,2,8 21
rain,2,8 61
hydroplane,1,8
bank,2,8 34
dow,1,8
jones,1,8
rocafella,1,8
fly,7,8 40 42 43 45 60 62
higher,1,8
weather,1,8
g5s,1,8
anticipation,1,8
precipitation,1,8
stack,2,8 24
chips,1,8
rainy,1,8
day,10,8 10 15 18 40 42 47 52 54 57
jay,1,8
miss,3,8 15 54
sunshine,4,8 17 60 61
where,7,8 9 14 26 40 46 51
worlds,2,8 31
apart,2,8 31
magazines,2,8 36
star,2,8 26
dark,6,8 16 23 28 43 45
shiny,1,8
cars,2,8 42
there,10,8 15 16 18 23 46 49 53 54 57
share,2,8 23
because,7,8 17 35 36 50 52 63
sun,7,8 23 40 45 48 54 64
shine,4,8 39 54 58
together,3,8 22 23
told,7,8 15 16 36 52 54 63
here,13,8 15 17 23 25 26 29 36 37 45 50 53 56
said,10,8 28 30 33 36 46 51 52 61 64
took,4,8 24 26 41
oath,1,8
stick,2,8 18
raining,1,8
each,2,8 57
stand,5,8 23 30 41 55
ella,1,8
eh,1,8
eheh,1,8
fancy,2,8 42
between,3,8 15 23
entity,1,8
infinity,1,8
war,1,8
has,7,8 15 19 26 29 44 50
dealt,1,8
cards,3,8 34 39
hard,9,8 11 15 29 34 37 40 42 49
mend,1,8
arms,4,8 15 30 41
okay,5,8 10 40 47 57
alarmed,1,8
theres,12,8 11 15 16 23 26 27 28 38 39 40 47
distance,3,8 24 31
our,7,8 24 27 29 37 60 62
pour,1,8
pouring,1,8
avicii,1,9
2013,2,9 17
edm/folk,1,9
true,7,9 26 27 45 55 61 62
through,9,9 15 16 23 35 39 42 60 64
darkness,2,9 23
guided,1,9
beating,2,9 16
journey,1,9
start,5,9 23 25 34 39
caught,4,9 15 50 59
pass,2,9 15
open,7,9 16 23 35 39 50 53
eyes,10,9 19 23 35 40 45 47 50 53 60
wiser,1,9
older,3,9 26 45
finding,1,9
didnt,5,9 37 41 50 58
lost,3,9 41 42
tried,3,9 42 61
carrying,1,9
hope,6,9 11 15 20 23 27
travel,2,9 12
wish,6,9 16 20 26 50 56
could,14,9 14 22 27 37 39 45 46 47 48 53 55 59 64
afraid,1,9
lifes,2,9 42
game,5,9 30 34 42 52
made,5,9 12 27 40 41
everyone,3,9 26 48
prize,1,9
stayin’,1,10
alive,4,10 23 24 45
bee,1,10
gees,1,10
1977,2,10 58
disco,1,10
saturday,2,10 33
fever,3,10 13 16
soundtrack,5,10 15 20 42 60
walk,6,10 13 23 37 41 59
womans,1,10
loud,3,10 15 21
women,1,10
warm,3,10 14 54
been,17,10 14 15 19 25 26 29 34 35 39 42 46 50 54 57 63 64
kicked,1,10
since,3,10 41 42
born,4,10 44 50 62
may,5,10 11 15 21 43
try,7,10 11 23 38 42 52 63
york,1,10
effect,1,10
whether,2,10 42
brother,1,10
mother,1,10
stayin,2,10 24
city,4,10 33 52 60
breakin,1,10
everybody,3,10 50 60
shakin,1,10
ah,7,10 23 33 39 53 54 61
ha,1,10
low,5,10 26 27 29 50
high,7,10 13 17 50 54 60 62
either,1,10
really,5,10 13 37 50 51
wings,2,10 43
heaven,2,10 11
shoes,2,10 58
dancin,3,10 46 60
live,6,10 11 30 41 52 57
another,8,10 15 38 40 42 43 46 53
help,2,10 16
imagine,2,11 60
john,2,11 27
lennon,1,11
1971,1,11
easy,9,11 15 18 26 30 38 45 49 50
hell,6,11 19 23 42 49 56
below,1,11
us,4,11 16 29 37
above,4,11 20 40 45
sky,5,11 28 39 45 64
people,1,11
today,1,11
countries,1,11
isnt,2,11 34
nothing,7,11 17 21 40 42 49 50
kill,2,11 52
religion,1,11
peace,1,11
dreamer,1,11
someday,3,11 57 63
join,1,11
as,11,11 15 16 18 22 23 39 48 50 59 63
possessions,1,11
greed,1,11
hunger,1,11
brotherhood,1,11
sharing,1,11
dreams,5,12 24 53 57 61
eurythmics,1,12
1983,3,12 27 63
synthpop,1,12
am,11,12 19 21 28 31 33 40 42 55 56 63
disagree,1,12
seven,2,12 48
seas,2,12 37
everybodys,2,12 15
looking,4,12 27 43 63
something,6,12 23 33 40 45 54
abuse,1,12
abused,1,12
head,7,12 16 35 44 45 50 62
movin,4,12 46 52 60
michael,3,13 23 45
jackson,5,13 23 33 41 45
1987,1,13
heehee,1,13
gon,4,13 33 42 52
ow,2,13 46
hee,1,13
hey,11,13 17 25 29 32 33 36 37 49 59 64
heels,1,13
known,5,13 15 24 26 42
product,2,13 15
loveliness,1,13
groove,2,13 48
dress,3,13 25 35
miles,2,13 40
car,2,13 52
paint,1,13
town,3,13 21 52
kiss,7,13 33 34 35 45 47 59
twice,1,13
knock,1,13
feet,7,13 15 24 39 42 54 60
lonely,6,13 14 15 26 27 55
days,1,13
givin,2,13 61
ecstasy,1,13
workin,2,13 36
nine,1,13
five,1,13
buy,4,13 15 52 63
felt,1,13
promise,3,13 34 40
forevermore,1,13
swear,2,13 57
keepin,1,13
satisfied,1,13
achaooh,1,13
nobodys,2,13 49
business,2,13 40
babys,1,13
choocoo,1,13
heeheehee,1,13
caroline,1,14
neil,1,14
diamond,1,14
1969,2,14 41
began,1,14
begin,1,14
then,13,14 19 33 36 40 41 42 45 47 52 53 61 63
growin,1,14
spring,1,14
became,1,14
summer,3,14 22 45
whod,1,14
youd,5,14 26 27 38 45
along,6,14 17 19 36 51 53
touchin,1,14
reachin,1,14
touching,3,14 35 53
seemed,2,14 61
inclined,1,14
seem,5,14 17 37 40 55
fill,2,14 33
hurt,2,14 55
hurtin,1,14
runs,1,14
shoulders,1,14
holdin,1,14
yourself,1,15
eminem,2,15 42
rap,2,15 42
8,1,15
mile,1,15
shot,2,15 57
opportunity,1,15
seize,1,15
wanted,1,15
moment,2,15 53
capture,1,15
slip,1,15
yo,2,15 32
palms,1,15
sweaty,1,15
knees,3,15 38 51
weak,1,15
vomit,1,15
sweater,1,15
already,5,15 25 39 40 60
moms,2,15 42
spaghetti,1,15
nervous,1,15
surface,1,15
looks,2,15 23
calm,1,15
ready,4,15 18 25 57
bombs,1,15
forgetting,1,15
whole,5,15 26 37 40 47
crowd,3,15 26 41
goes,4,15 45 54 60
opens,1,15
mouth,1,15
words,3,15 30 48
choking,2,15 35
joking,1,15
clocks,1,15
blaow,1,15
snap,1,15
reality,2,15 50
gravity,1,15
rabbit,1,15
choked,1,15
mad,4,15 37 51 52
knows,3,15 51 63
backs,1,15
ropes,2,15 37
matter,6,15 18 30 31 46 50
dope,1,15
broke,1,15
stagnant,1,15
mobile,1,15
home,9,15 16 25 42 46 54 57 58 60
lab,1,15
rhapsody,2,15 50
own,7,15 30 33 37 39 51 64
comes,5,15 26 39 62 63
once,4,15 27 57 62
lifetime,1,15
souls,1,15
escaping,2,15 23
hole,1,15
gaping,1,15
taking,6,15 20 35 42 44 49
king,2,15 42
toward,1,15
order,1,15
boring,1,15
superstardoms,1,15
post,1,15
mortem,1,15
grows,1,15
harder,1,15
homie,1,15
hotter,1,15
blows,2,15 50
hoes,1,15
coast,1,15
shows,1,15
globetrotter,1,15
roads,2,15 49
god,1,15
grown,2,15 42
farther,1,15
father,1,15
barely,1,15
daughter,1,15
nose,2,15 51
cold,7,15 23 27 33 45 54 64
water,1,15
moved,1,15
next,2,15 46
schmoe,1,15
flows,1,15
dove,1,15
sold,1,15
nada,1,15
soap,1,15
opera,2,15 50
unfolds,1,15
suppose,1,15
old,3,15 46 58
partner,1,15
da,1,15
dum,1,15
games,1,15
call,4,15 25 30 64
rage,1,15
tear,2,15 41
motherfucking,2,15 42
roof,3,15 17 45
dogs,1,15
caged,1,15
playing,3,15 36 49
beginning,1,15
mood,2,15 48
changed,2,15 42
chewed,1,15
spit,2,15 50
booed,1,15
stage,2,15 26
kept,2,15 42
rhyming,1,15
stepped,1,15
cypher,1,15
somebodys,1,15
paying,2,15 49
pied,1,15
piper,1,15
pain,2,15 61
amplified,1,15
fact,1,15
9to5,1,15
provide,1,15
type,2,15 51
family,2,15 50
goddamn,1,15
food,2,15 52
stamps,1,15
diapers,1,15
movie,1,15
mekhi,1,15
phifer,1,15
getting,6,15 23 25 26 45 63
trying,5,15 38 41 45 47
seed,1,15
plus,3,15 40 42
teeter,1,15
totter,1,15
being,1,15
prima,1,15
donna,1,15
mama,6,15 30 36 49 50 51
dramas,1,15
much,8,15 21 30 40 41 42 52 64
spot,2,15 33
monotony,1,15
gotten,1,15
point,1,15
snail,1,15
formulate,1,15
plot,1,15
jail,1,15
success,1,15
option,1,15
failures,1,15
mom,1,15
trailers,1,15
cannot,4,15 26 37 39
grow,3,15 30 43
salems,1,15
lot,3,15 42 57
fail,2,15 37
set,3,15 40 44
rolling,1,16
deep,5,16 31 39 42 55
adele,1,16
soul/pop,2,16 55
21,1,16
fire,6,16 21 31 42 44 62
starting,3,16 27 37
reaching,1,16
pitch,1,16
bringing,2,16 36
crystal,1,16
clear,3,16 36 55
ahead,3,16 36 42
sell,2,16 52
lay,2,16 55
ship,2,16 63
bare,1,16
leave,13,16 33 38 39 40 41 43 48 49 50 54 55 61
underestimate,1,16
scars,1,16
remind,1,16
thinking,2,16 25
almost,3,16 23 30
breathless,1,16
fall,3,16 21 51
played,2,16 26
story,1,16
heard,2,16 42
depths,1,16
despair,1,16
sure,3,16 25 53
shared,1,16
throw,1,16
soul,8,16 23 43 44 51 54 56 60
door,4,16 23 52 56
blessings,1,16
find,5,16 29 30 43 53
sorrow,1,16
treasured,1,16
kind,6,16 20 38 44 48 63
reap,1,16
sown,1,16
pharrell,1,17
williams,1,17
pop/soul,1,17
g,1,17
r,1,17
l,1,17
might,5,17 18 40 45 51
break,8,17 21 26 30 33 42 52 60
air,6,17 23 42 45 53 60
balloon,1,17
care,2,17 56
clap,1,17
room,2,17 60
happiness,2,17 20
news,1,17
talking,4,17 21 40 63
should,5,17 20 28 40 52
probably,2,17 40
warn,1,17
offense,1,17
waste,2,17 40
heres,1,17
bring,4,17 29 42 49
levels,1,17
justice,1,18
2018,2,18 40
electro,1,18
1,1,18
2,2,18 37
3,1,18
4,1,18
fight,5,18 23 24 54 57
ignite,2,18 39
pyt,1,18
catching,1,18
lights,5,18 29 42 60 64
abc,1,18
mystery,1,18
spotlight,1,18
neither,1,18
black,2,18 45
nor,1,18
working,2,18 57
whatever,5,18 29 43 56 62
happens,2,18 43
lord,2,19 62
huron,1,19
2015,1,19
indie,2,19 35
folk,1,19
strange,1,19
trails,1,19
traveler,1,19
repaid,1,19
debt,1,19
searching,3,19 47 53
trail,1,19
follow,2,19 53
supposed,2,19 36
ride,4,19 33 40 49
most,2,19 40
none,1,19
haunted,3,19 21 61
ghost,2,19 21
full,1,19
terrors,1,19
filled,1,19
touched,1,19
yet,1,19
whitney,1,20
houston,1,20
1992,2,20 56
bodyguard,1,20
step,3,20 48 52
darling,3,20 23 55
mm,1,20
bittersweet,1,20
goodbye,3,20 26 50
cry,4,20 50 56 58
both,2,20 51
treats,1,20
dreamed,1,20
joy,1,20
titanium,1,21
david,1,21
guetta,1,21
sia,1,21
2011,1,21
electropop,2,21 51
shout,1,21
hear,6,21 23 31 39 42 48
word,3,21 29 48
saying,1,21
criticize,1,21
bullets,1,21
ricochet,1,21
shoot,2,21 39
bulletproof,1,21
aim,1,21
cut,3,21 27 40
wholl,1,21
further,1,21
raise,3,21 34 36
voice,2,21 30
bones,2,21 60
stone,1,21
machine,2,21 46
gun,3,21 34 50
firing,1,21
ones,3,21 23 64
loves,3,21 26 50
glass,1,21
calvin,1,22
harris,1,22
dancepop,1,22
heartbeats,1,22
sound,3,22 23 52
fell,2,22 42
leaves,1,22
turned,2,22 54
brown,2,22 58
skies,3,22 50 54
blue,1,22
act,2,22 54
innocent,2,22 63
lied,1,22
soon,4,22 43 45 60
thriller,1,23
midnight,1,23
evils,1,23
lurkin,1,23
moonlight,1,23
sight,1,23
scream,1,23
terror,1,23
takes,3,23 30 35
freeze,1,23
horror,2,23 59
paralyzed,1,23
strike,2,23 57
fighting,2,23 37
killer,1,23
slam,1,23
realize,1,23
left,6,23 37 40 42 44 54
imagination,2,23 53
while,5,23 27 35 40 47
creature,1,23
creepin,3,23 51 60
behind,5,23 26 27 43 50
second,2,23 41
against,2,23 50
thing,7,23 30 39 47 48 52 61
forty,1,23
creatures,1,23
dead,2,23 50
their,2,23 26
masquerade,2,23 26
jaws,1,23
alien,1,23
theyre,3,23 35 47
wide,1,23
demons,1,23
closing,1,23
possess,1,23
unless,1,23
number,1,23
dial,1,23
cuddle,2,23 54
screen,1,23
thrill,2,23 24
ghoul,1,23
dare,2,23 54
tight,4,23 30 51 54
diller,1,23
chiller,1,23
falls,2,23 47
across,3,23 39 42
land,4,23 40 45 49
hour,2,23 55
crawl,1,23
search,1,23
blood,4,23 27 60 63
terrorize,1,23
yalls,1,23
neighborhood,1,23
whosoever,1,23
shall,1,23
must,4,23 24 30 43
face,9,23 24 25 34 42 43 47 50 61
hounds,1,23
rot,1,23
corpses,1,23
shell,4,23 38 51 63
babe,1,23
foulest,1,23
stench,1,23
thousand,1,23
years,1,23
grisly,1,23
ghouls,1,23
tomb,1,23
seal,1,23
doom,1,23
though,3,23 42 52
starts,2,23 54
shiver,1,23
mere,1,23
mortal,1,23
resist,1,23
evil,1,23
tiger,1,24
survivor,2,24 27
risin,1,24
street,2,24 41
chances,1,24
went,1,24
survive,1,24
happened,2,24 41
fast,1,24
trade,1,24
passion,3,24 44 59
glory,2,24 45
grip,1,24
past,2,24 52
challenge,1,24
rival,1,24
stalks,1,24
prey,1,24
fortune,1,24
hangin,2,24 30
tough,4,24 51 57 63
hungry,2,24 40
odds,1,24
skill,1,24
straight,2,24 33
guts,1,24
attention,1,25
charlie,1,25
puth,1,25
voicenotes,1,25
whoaoh,2,25 57
hmm,1,25
running,7,25 42 45 56 57 62 64
round,3,25 43 48
throwing,2,25 40
dirt,2,25 40
name,6,25 33 40 42 46 48
id,5,25 47 49 50 58
la,3,25 32 37
karma,1,25
perfume,1,25
regret,2,25 38
upon,2,25 57
expect,1,25
hate,2,25 52
thought,3,25 52 61
someone,5,25 30 41 45 61
making,1,25
standing,2,25 27
won,1,25
doing,6,25 35 37 40 42 56
madonna,1,26
1994,1,26
bedtime,1,26
stories,1,26
light,4,26 27 39 64
curtains,1,26
mean,4,26 50 51 52
watching,1,26
guess,6,26 29 42 43 51 55
granted,1,26
bye,1,26
laugh,2,26 47
breaking,2,26 43
smile,4,26 29 43 47
clown,2,26 27
deserve,1,26
award,1,26
role,2,26 51
which,1,26
storyd,1,26
elton,1,27
zero,1,27
winter,1,27
freezes,1,27
ice,2,27 33
shines,1,27
wind,3,27 39 50
wreck,1,27
mask,1,27
fool,3,27 42 54
taste,2,27 29
simple,1,27
fade,1,27
kid,1,27
after,5,27 34 39 52 64
picking,1,27
pieces,1,27
road,3,27 39 64
leaving,1,27
threats,1,27
circus,1,27
gig,1,28
pink,2,28 45
floyd,1,28
1973,1,28
progressive,1,28
moon,3,28 39 48
frightened,1,28
dying,1,28
reason,5,28 39 48 49 60
sometime,1,28
smells,1,29
teen,1,29
spirit,1,29
nirvana,1,29
1991,2,29 43
grunge,1,29
nevermind,1,29
load,1,29
guns,2,29 62
friends,5,29 42 43 49 59
fun,2,29 34
pretend,1,29
overbored,1,29
selfassured,1,29
dirty,1,29
hello,1,29
less,2,29 61
dangerous,1,29
entertain,1,29
stupid,1,29
contagious,1,29
mulatto,1,29
albino,1,29
mosquito,1,29
libido,1,29
yay,1,29
worse,1,29
gift,1,29
blessed,1,29
group,1,29
denial,1,29
hurry,1,30
supremes,1,30
1966,2,30 61
gogo,2,30 54
ease,1,30
she,9,30 36 37 38 47 51 56 57 63
trust,2,30 64
heartaches,1,30
strength,1,30
remember,2,30 45
loneliness,1,30
bear,1,30
impatient,1,30
precious,1,30
waiting,1,30
anticipating,1,30
soft,2,30 48
tender,1,30
backstreet,2,31 63
boys,5,31 36 42 52 63
1999,3,31 42 48
millennium,1,31
desire,2,31 44
reach,2,31 52
nothin,3,31 52 60
heartache,2,31 43
mistake,1,31
weve,3,31 45 57
fallen,1,31
despacito,1,32
luis,1,32
fonsi,1,32
&,4,32 38 46 47
daddy,1,32
yankee,1,32
reggaeton,1,32
vida,1,32
dy,1,32
diridiridiriridi,1,32
sí,2,32 37
sabes,1,32
que,1,32
llevo,1,32
un,1,32
rato,1,32
mirándote,1,32
tengo,1,32
bailar,1,32
contigo,1,32
hoy,1,32
vi,1,32
tu,1,32
mirada,1,32
estaba,1,32
llamándome,1,32
muéstrame,1,32
el,1,32
camino,1,32
voy,1,32
tú,1,32
eres,1,32
imán,1,32
y,1,32
soy,1,32
metal,2,32 62
acercando,1,32
armando,1,32
plan,4,32 37 40 55
solo,2,32 54
con,1,32
pensarlo,1,32
se,2,32 37
acelera,1,32
pulso,1,32
estás,1,32
gustando,1,32
más,1,32
de,2,32 37
lo,1,32
todos,1,32
mis,1,32
sentidos,1,32
van,1,32
pidiendo,1,32
esto,1,32
hay,1,32
tomarlo,1,32
sin,2,32 64
ningún,1,32
apuro,1,32
quiero,1,32
respirar,1,32
cuello,1,32
deja,1,32
te,1,32
diga,1,32
cosas,1,32
al,1,32
oído,1,32
para,1,32
acuerdes,1,32
si,1,32
conmigo,1,32
desnudarte,1,32
besos,1,32
firmar,1,32
las,1,32
paredes,1,32
laberinto,1,32
hacer,1,32
cuerpo,1,32
todo,1,32
manuscrito,1,32
sube,1,32
ver,1,32
pelo,1,32
ser,1,32
ritmo,1,32
le,1,32
enseñes,1,32
mi,2,32 37
boca,1,32
tus,1,32
lugares,1,32
favoritos,1,32
déjame,1,32
sobrepasar,1,32
zonas,1,32
peligro,1,32
hasta,1,32
provocar,1,32
gritos,1,32
olvides,1,32
apellido,1,32
pido,1,32
beso,1,32
ven,1,32
dámelo,1,32
sé,1,32
pensándolo,1,32
tiempo,1,32
intentándolo,1,32
mami,1,32
es,2,32 37
dando,1,32
dándolo,1,32
corazón,1,32
hace,1,32
bambam,1,32
esa,1,32
beba,1,32
está,1,32
buscando,1,32
prueba,1,32
cómo,1,32
sabe,1,32
cuánto,1,32
amor,1,32
ti,1,32
cabe,1,32
prisa,1,32
dar,1,32
viaje,1,32
empezamos,1,32
lento,1,32
después,1,32
salvaje,1,32
pasito,1,32
suave,1,32
suavecito,1,32
nos,1,32
vamos,1,32
pegando,1,32
poquito,1,32
cuando,1,32
besas,1,32
destreza,1,32
veo,1,32
malicia,1,32
delicadeza,1,32
belleza,1,32
rompecabezas,1,32
pero,1,32
pa,1,32
montarlo,1,32
aquí,1,32
pieza,1,32
oye,1,32
vamo,1,32
hacerlo,1,32
en,2,32 37
una,1,32
playa,1,32
puerto,1,32
rico,1,32
olas,1,32
griten,1,32
¡ay,1,32
bendito,1,32
sello,1,32
quede,1,32
báilalo,1,32
uptown,2,33 63
mark,1,33
ronson,1,33
featuring,1,33
bruno,2,33 47
mars,2,33 47
/,2,33 64
special,2,33 56
michelle,1,33
pfeiffer,1,33
hood,2,33 42
girls,1,33
masterpieces,1,33
stylin,1,33
wilin,1,33
chucks,1,33
saint,1,33
laurent,1,33
called,1,33
police,2,33 42
fireman,1,33
dragon,1,33
retire,1,33
band,2,33 49
hallelujah,1,33
woo,2,33 60
watch,2,33 37
cup,1,33
liquor,1,33
sip,1,33
check,3,33 34 42
julio,1,33
stretch,1,33
harlem,2,33 48
hollywood,1,33
mississippi,1,33
smoother,1,33
fresh,1,33
jar,1,33
skippy,1,33
bitch,4,33 42 45 59
lemme,1,33
yall,4,33 36 42 52
lil,1,33
jump,1,33
sexy,3,33 37 47
flaunt,1,33
freaky,1,33
brag,1,33
poker,1,34
lady,3,34 54 59
gaga,2,34 59
2008,1,34
fame,2,34 59
mummummummah,1,34
texas,1,34
fold,1,34
intuition,1,34
play,4,34 38 42 51
spades,1,34
hooked,1,34
woahoh,2,34 57
ohohohohohoh,1,34
popopopoker,1,34
fufufuck,1,34
roll,2,34 46
pair,1,34
gambling,1,34
russian,1,34
roulette,1,34
same,6,34 45 46 47 48 54
rough,2,34 51
hug,1,34
bluffin,1,34
muffin,1,34
lyin,1,34
stunnin,1,34
loveglue,1,34
gunnin,1,34
chick,1,34
casino,1,34
marvelous,1,34
mr,1,35
brightside,1,35
killers,1,35
2003,1,35
fuss,1,35
cage,1,35
started,1,35
falling,1,35
asleep,2,35 51
calling,1,35
cab,1,35
having,1,35
drag,1,35
stomach,1,35
sick,2,35 59
chest,2,35 51
killing,1,35
jealousy,1,35
turning,4,35 40 43 48
saints,1,35
sea,1,35
swimming,3,35 40 45
lullabies,1,35
alibis,1,35
price,1,35
destiny,2,35 53
eager,1,35
bass,2,36 42
meghan,1,36
trainor,1,36
title,1,36
treble,1,36
size,1,36
shake,1,36
boom,2,36 39
chase,1,36
junk,1,36
places,2,36 43
photoshop,1,36
shit,4,36 40 42 52
cmon,1,36
inch,1,36
bottom,1,36
shoowopwop,1,36
shaoohwopwop,1,36
booty,1,36
stickfigure,1,36
silicone,1,36
barbie,1,36
doll,1,36
whats,4,36 40 52 61
skinny,1,36
nah,1,36
fat,2,36 52
ayy,1,36
haha,1,36
hips,1,37
don’t,1,37
lie,1,37
shakira,1,37
wyclef,1,37
jean,1,37
2006,1,37
reggaeton/pop,1,37
oral,1,37
fixation,1,37
vol,1,37
ladies,2,37 42
refugees,1,37
speak,1,37
spanish,2,37 48
¿cómo,1,37
llama,1,37
bonita,1,37
casa,1,37
su,1,37
woman,1,37
wise,1,37
reading,1,37
signs,2,37 49
uno,1,37
dos,1,37
tres,1,37
cuatro,1,37
attraction,1,37
tension,1,37
perfection,1,37
moving,1,37
driving,2,37 42
slightest,1,37
idea,1,37
saw,3,37 46 61
dancing,2,37 54
floor,1,37
ignore,1,37
everythings,1,37
unexpected,1,37
shaking,1,37
así,1,37
perfecto,1,37
half,2,37 57
animal,2,37 51
selfrestraint,1,37
bit,2,37 53
explain,1,37
baila,1,37
calle,1,37
noche,1,37
día,1,37
hypnotized,1,37
señorita,1,37
conga,1,37
colombia,1,37
mira,1,37
barranquilla,1,37
mans,2,37 52
fantasy,3,37 44 50
refugee,1,37
fugees,2,37 52
third,1,37
country,1,37
pac,1,37
carried,1,37
crates,2,37 45
humpty,1,37
hump,1,37
lead,1,37
club,1,37
jazzy,1,37
cia,1,37
colombians,1,37
haitians,1,37
guilty,1,37
musical,1,37
transaction,1,37
booboopsoboop,1,37
snatch,1,37
boats,1,37
lover,1,38
philip,1,38
bailey,1,38
phil,1,38
collins,1,38
1984,2,38 54
pop/rock,2,38 63
chinese,1,38
wall,1,38
keeping,1,38
deceive,1,38
quick,1,38
seeing,1,38
believing,1,38
wants,2,38 63
til,5,38 40 42 46 54
finds,1,38
firework,1,39
plastic,1,39
bag,1,39
drifting,1,39
wanting,2,39 51
paperthin,1,39
house,1,39
caving,1,39
buried,1,39
six,2,39 52
screams,1,39
seems,2,39 61
spark,2,39 54
fourth,1,39
july,1,39
colors,1,39
burst,1,39
awe,1,39
wasted,1,39
original,1,39
replaced,1,39
future,1,39
holds,1,39
hurricane,3,39 40 45
rainbow,1,39
doors,1,39
closed,1,39
leads,1,39
lightning,3,39 50 62
bolt,1,39
glow,1,39
brighter,2,39 54
mac,1,40
miller,1,40
hiphop,3,40 42 52
freaks,1,40
fuck,3,40 42 52
superficial,1,40
sentimental,1,40
juice,1,40
colder,1,40
breeze,1,40
flowing,1,40
motherfucker,1,40
truly,1,40
beyond,1,40
drugs,1,40
shuttle,1,40
elon,1,40
sing,3,40 51 60
céline,1,40
dion,1,40
catch,1,40
lotta,1,40
exit,1,40
jet,1,40
ticking,1,40
highly,1,40
different,1,40
pilot,1,40
tripping,2,40 42
witness,1,40
imma,1,40
came,2,40 52
worked,1,40
clue,1,40
bar,2,40 52
par,1,40
parlay,1,40
crib,1,40
range,1,40
yard,1,40
pray,2,40 52
cuz,1,40
spending,1,40
wasnt,1,40
homies,1,40
worried,1,40
brain,2,40 54
heads,1,40
swerving,1,40
outta,3,40 50 54
shade,2,40 45
picture,2,40 53
frame,1,40
30,1,40
thou,1,40
spend,2,40 42
till,1,40
5,1,41
diana,1,41
ross,1,41
presents,2,41 63
luhhuh,1,41
huhhh,1,41
mmhhmmm,1,41
faces,1,41
picked,1,41
bunch,1,41
glance,1,41
darlin,1,41
blind,1,41
na,1,41
sleepless,1,41
stains,1,41
ground,3,41 45 52
following,1,41
spare,2,41 50
hah,1,41
dre,1,42
dr,1,42
snoop,1,42
dogg,1,42
2001,2,42 52
nigga,2,42 52
fuckin,3,42 52 56
waters,1,42
99,1,42
whos,1,42
andre,1,42
sho,1,42
ak,1,42
frequent,1,42
spots,1,42
truck,1,42
block,1,42
homage,1,42
haters,1,42
album,1,42
chronic,1,42
raps,1,42
thangs,1,42
puffing,1,42
leafs,1,42
beats,2,42 54
loving,1,42
khakis,1,42
cuff,1,42
crease,1,42
fo,1,42
repping,1,42
213,1,42
bang,1,42
thang,1,42
representing,1,42
gangstas,1,42
hitting,1,42
corners,1,42
lowlows,1,42
dipping,1,42
ear,1,42
signed,1,42
triple,1,42
platinum,1,42
week,1,42
defeat,1,42
rose,1,42
treat,1,42
weed,1,42
compose,1,42
soaking,1,42
seat,1,42
fluke,1,42
class,1,42
wreckin,1,42
cru,1,42
aftermathematics,1,42
drivebys,1,42
akmatics,1,42
swap,1,42
meets,1,42
sticky,1,42
green,1,42
traffic,1,42
dip,1,42
skin,3,42 45 56
classic,1,42
cd,1,42
vibe,1,42
cooling,1,42
corner,2,42 43
laid,1,42
shack,1,42
track,1,42
neck,1,42
near,1,42
lap,1,42
niggas,1,42
ace,1,42
wrapped,1,42
mummy,1,42
blacks,1,42
jobs,1,42
barbeques,1,42
regardless,1,42
ass,1,42
95,1,42
four,2,42 52
pennies,1,42
add,1,42
dog,1,42
stress,1,42
seeds,1,42
stems,1,42
icky,1,42
oooh,2,42 62
wee,1,42
yous,1,42
queen,2,43 50
innuendo,1,43
empty,2,43 64
spaces,1,43
abandoned,1,43
score,1,43
does,1,43
anybody,1,43
hero,1,43
mindless,1,43
curtain,1,43
pantomime,1,43
anymore,1,43
flaking,1,43
stays,1,43
failed,1,43
romance,2,43 59
learning,1,43
warmer,1,43
outside,1,43
dawn,1,43
aching,2,43 50
free,3,43 49 59
painted,1,43
butterflies,1,43
fairy,2,43 61
tales,2,43 61
yesterday,1,43
grin,1,43
giving,1,43
bill,1,43
overkill,1,43
carry,2,43 50
heartbreaker,1,44
pat,1,44
benatar,1,44
1979,2,44 49
crimes,1,44
tidal,1,44
spinning,1,44
drownin,1,44
promises,1,44
unsaid,1,44
sinner,1,44
release,1,44
inner,1,44
invincible,1,44
winner,1,44
maker,1,44
taker,1,44
mess,2,44 49
taught,1,44
ways,1,44
toll,1,44
+,1,45
frank,1,45
ocean,2,45 48
2016,2,45 60
blonde,1,45
everyday,3,45 47 52
yellow,1,45
showed,1,45
nod,1,45
halfway,1,45
south,1,45
norths,1,45
cool,2,45 48
ruin,1,45
regard,1,45
dear,1,45
downhill,1,45
nosedive,1,45
flood,1,45
tall,1,45
tower,1,45
milk,1,45
cannonball,1,45
porch,2,45 52
kids,1,45
pool,1,45
kneel,1,45
dry,1,45
earth,1,45
birthed,1,45
gave,2,45 61
tools,1,45
ruined,2,45 49
climb,1,45
trees,1,45
ends,1,45
matthew,1,45
shoob,1,45
danny,1,45
immortality,1,45
bending,1,45
nikes,1,45
melpomene,1,45
nicotine,1,45
stealing,1,45
granny,1,45
cigs,1,45
gimme,2,45 48
n,1,46
joan,1,46
jett,1,46
blackhearts,1,46
1981,1,46
record,1,46
mustve,1,46
17,1,46
favorite,1,46
song,2,46 51
wouldnt,1,46
singin,1,46
dime,1,46
jukebox,1,46
smiled,1,46
asked,1,46
pop/r&b,1,47
doowops,1,47
hooligans,1,47
stars,1,47
shinin,1,47
hair,1,47
perfectly,1,47
compliment,1,47
sad,2,47 51
asks,1,47
amazing,1,47
stares,1,47
lips,1,47
shed,1,47
hates,1,47
perfects,1,47
bother,1,47
asking,2,47 49
smooth,1,48
santana,1,48
rob,1,48
thomas,1,48
rock/latin,1,48
supernatural,1,48
inches,1,48
midday,1,48
whisper,1,48
melt,1,48
muñequita,1,48
mona,1,48
lisa,1,48
lift,1,48
suit,1,48
emotion,1,48
lovin,2,48 54
crying,1,48
shame,1,48
breath,1,48
barrio,1,48
rhythm,1,48
radio,1,48
don,1,48
ahh,1,48
ohh,3,48 52 58
highway,2,49 62
ac/dc,1,49
season,1,49
oneway,1,49
stride,1,49
rhyme,1,49
rather,1,49
speed,1,49
limit,1,49
wheel,2,49 62
spin,1,49
satan,1,49
dues,1,49
rocking,1,49
promised,1,49
bohemian,1,50
1975,1,50
rock/opera,1,50
landside,1,50
escape,1,50
poor,1,50
sympathy,1,50
killed,1,50
pulled,1,50
trigger,1,50
begun,1,50
thrown,1,50
oooooo,1,50
matters,1,50
sends,1,50
shivers,1,50
spine,1,50
bodys,1,50
silhouetto,1,50
scaramouch,1,50
fandango,1,50
thunderbolts,1,50
very,1,50
frightening,1,50
galileo,1,50
figaro,1,50
magnifico,1,50
ohohoh,2,50 59
monstrosity,1,50
bismillah,1,50
mia,1,50
beelzebub,1,50
devil,1,50
oooo,1,50
anyone,2,50 63
guy,2,51 63
billie,1,51
eilish,1,51
2019,2,51 64
shirt,2,51 58
bloody,1,51
sleepin,1,51
tippy,1,51
toes,1,51
criminal,2,51 59
bruises,1,51
thank,1,51
cynical,1,51
puffed,1,51
girlfriend,1,51
seduce,1,51
dad,1,51
duh,1,51
mommy,1,51
likes,1,51
reads,1,51
lyrics,1,51
pity,1,51
men,1,51
bein,1,51
glad,1,51
scared,1,51
sees,1,51
wearing,1,51
cologne,1,51
imim,1,51
blueprint,1,52
uhh,1,52
listen,1,52
first,1,52
problem,1,52
whassup,1,52
niggaz,1,52
fed,1,52
cheddar,1,52
records,1,52
sto,1,52
fucks,1,52
spittin,1,52
rappers,1,52
predicted,1,52
exactly,2,52 53
mo,1,52
problems,1,52
carefully,1,52
faggots,1,52
athletes,1,52
yunguns,1,52
icegrillin,1,52
cost,1,52
grind,1,52
frontin,1,52
sensitive,1,52
thugs,1,52
hugs,1,52
tryin,2,52 61
mill,1,52
couple,1,52
chicks,1,52
e,1,52
hopefully,1,52
theyll,1,52
menage,1,52
garage,1,52
nice,1,52
cooked,1,52
clean,1,52
drawers,1,52
birdass,1,52
ruffle,1,52
waitin,1,52
wing,1,52
doin,1,52
wheres,1,52
fussin,1,52
grubbin,1,52
pack,1,52
oven,1,52
downfall,1,52
everytime,1,52
bounce,1,52
roundball,1,52
cock,1,52
pound,1,52
scrapper,1,52
nephews,1,52
lookin,2,52 62
dudes,1,52
characters,1,52
rapper,1,52
ninetysix,1,52
handle,1,52
biz,1,52
scramble,1,52
randall,1,52
cunningham,1,52
runnin,2,52 62
numbers,1,52
fam,1,52
jigga,1,52
held,1,52
summers,1,52
holla,1,52
church,1,52
richard,1,52
pryor,1,52
ike,1,52
tina,1,52
turner,1,52
bullshit,1,52
disrespected,1,52
successful,1,52
pull,1,52
boss,1,52
speculation,1,52
alla,1,52
males,1,52
jealous,1,52
female,1,52
trait,1,52
whatchu,1,52
push,1,52
dimes,1,52
expenses,1,52
bigger,1,52
place,2,52 53
hehehe,1,52
baggies,1,52
aggie,1,52
respect,1,52
illusion,1,53
funk/soul,1,53
hoping,1,53
aoh,1,53
ahah,1,53
emotions,1,53
everywhere,1,53
magic,1,53
feelings,1,53
ahillusion,1,53
putting,1,53
confusion,1,53
ahhhh,1,53
illusionyeah,1,53
confusionyeah,1,53
wham,1,54
jitterbug,1,54
boomboom,1,54
oohooh,1,54
send,1,54
skyhigh,1,54
yeahyeah,1,54
bangbangbang,1,54
somethings,1,54
bugging,1,54
sleeping,1,54
dreaming,1,54
shouldve,1,54
instead,1,54
hanging,1,54
yoyo,1,54
planning,1,54
grey,1,54
doris,1,54
flame,1,54
per,1,54
cruel,1,54
boomboomboomboom,1,54
oohaah,1,54
sam,1,55
smith,1,55
onenight,1,55
nights,1,55
emotional,1,55
gain,1,55
selfcontrol,1,55
works,2,55 57
creep,1,56
radiohead,1,56
alternative,1,56
pablo,1,56
angel,1,56
float,1,56
feather,1,56
weirdo,1,56
belong,1,56
hurts,1,56
notice,1,56
prayer,1,57
bon,1,57
jovi,1,57
1986,1,57
slippery,1,57
wet,1,57
ago,1,57
tommy,1,57
work,3,57 58 59
docks,1,57
unions,1,57
luck,1,57
gina,1,57
diner,1,57
brings,1,57
mmm,1,57
difference,1,57
ohoh,1,57
tommys,1,57
sixstring,1,57
hock,1,57
holding,1,57
cries,1,57
whispers,1,57
woahah,1,57
cheap,1,58
trick,1,58
color,1,58
beggin,1,58
beg,1,58
brand,1,58
early,1,58
cryin,1,58
dyin,1,58
2009,1,59
monster,1,59
ohohohohoh,1,59
ohohohoh,1,59
rah,1,59
rahahahah,1,59
roma,1,59
romama,1,59
oohlala,1,59
ugly,1,59
disease,1,59
drama,1,59
leatherstudded,1,59
sand,1,59
revenge,1,59
lovers,1,59
design,1,59
psycho,1,59
vertigo,1,59
shtick,1,59
rear,1,59
window,1,59
fashion,1,59
jveux,1,59
ton,1,59
amour,1,59
et,1,59
je,1,59
veux,1,59
ta,1,59
revanche,1,59
timberlake,1,60
trolls,1,60
electric,1,60
wavey,1,60
flyin,1,60
ceilin,1,60
zone,1,60
pocket,1,60
drops,1,60
phenomenally,1,60
lock,1,60
leavin,1,60
magical,1,60
rushin,1,60
believer,1,61
monkees,1,61
disappointment,1,61
trace,1,61
doubt,1,61
wild,1,62
steppenwolf,1,62
1968,1,62
ste,1,62
motor,1,62
adventure,1,62
meet,1,62
embrace,1,62
explode,1,62
smoky,1,62
thunder,1,62
natures,1,62
child,1,62
billy,1,63
joel,1,63
momma,1,63
whitebred,1,63
downtown,1,63
wakes,1,63
seen,1,63
tired,1,63
highclass,1,63
toys,1,63
choice,1,63
afford,1,63
pearls,1,63
walking,2,63 64
blinding,1,64
weeknd,1,64
synthwave,1,64
hours,1,64
withdrawals,1,64
citys,1,64
judge,1,64
clearly,1,64
blinded,1,64
drowning,1,64
overdrive,1,64
